,SampleID,i7_index_name,i7_index,i5_index_name,i5_index
0,,NEXT-i7-IDT-1,CTGATCGT,NEXT-i5-IDT-89,ACGAGAAC
1,,NEXT-i7-IDT-193,CTTCGTTC,NEXT-i5-IDT-281,CACATGGT
2,,NEXT-i7-IDT-2,ACTCTCGA,NEXT-i5-IDT-90,AAGCCTGA
3,,NEXT-i7-IDT-194,GTCTAGGT,NEXT-i5-IDT-282,CGAGTTAG
4,,NEXT-i7-IDT-3,TGAGCTAG,NEXT-i5-IDT-91,CTACAAGG
5,,NEXT-i7-IDT-195,ACGTCGTA,NEXT-i5-IDT-283,AGCTAAGC
6,,NEXT-i7-IDT-4,GAGACGAT,NEXT-i5-IDT-92,CGATGTTC
7,,NEXT-i7-IDT-196,GAGCTCAA,NEXT-i5-IDT-284,GTTCCATG
8,,NEXT-i7-IDT-5,CTTGTCGA,NEXT-i5-IDT-93,ACCGGTTA
9,,NEXT-i7-IDT-197,CGTGTACT,NEXT-i5-IDT-285,GCATCCTA
10,,NEXT-i7-IDT-6,TTCCAAGG,NEXT-i5-IDT-94,GAACGGTT
11,,NEXT-i7-IDT-198,CACTGACA,NEXT-i5-IDT-286,CCATGAAC
12,,NEXT-i7-IDT-7,CGCATGAT,NEXT-i5-IDT-95,CTGTACCA
13,,NEXT-i7-IDT-199,TCGTAGTC,NEXT-i5-IDT-287,ATCCACGA
14,,NEXT-i7-IDT-8,ACGGAACA,NEXT-i5-IDT-96,GCGCATAT
15,,NEXT-i7-IDT-200,GCACGTAA,NEXT-i5-IDT-288,GAGAAGGT
16,,NEXT-i7-IDT-97,GCCTATCA,NEXT-i5-IDT-185,TAAGTGGC
17,,NEXT-i7-IDT-289,CATTGCCT,NEXT-i5-IDT-377,GAGGCATT
18,,NEXT-i7-IDT-98,CTTGGATG,NEXT-i5-IDT-186,AGTCAGGT
19,,NEXT-i7-IDT-290,CTAGGTGA,NEXT-i5-IDT-378,ACACCTCA
20,,NEXT-i7-IDT-99,AGTCTCAC,NEXT-i5-IDT-187,GCCTTAAC
21,,NEXT-i7-IDT-291,TCCGTATG,NEXT-i5-IDT-379,CGCAATGT
22,,NEXT-i7-IDT-100,CTCATCAG,NEXT-i5-IDT-188,GTTGGCAT
23,,NEXT-i7-IDT-292,ACGATGAC,NEXT-i5-IDT-380,CCTAGAGA
24,,NEXT-i7-IDT-101,TGTACCGT,NEXT-i5-IDT-189,CAACCTCT
25,,NEXT-i7-IDT-293,GTCGGTAA,NEXT-i5-IDT-381,TACTAGCG
26,,NEXT-i7-IDT-102,AAGTCGAG,NEXT-i5-IDT-190,TGGATGGT
27,,NEXT-i7-IDT-294,TCGAAGGT,NEXT-i5-IDT-382,CGTCCATT
28,,NEXT-i7-IDT-103,CACGTTGT,NEXT-i5-IDT-191,CTATCCAC
29,,NEXT-i7-IDT-295,AGAAGCGT,NEXT-i5-IDT-383,TCGCTATC
30,,NEXT-i7-IDT-104,TCACAGCA,NEXT-i5-IDT-192,GATCTCAG
31,,NEXT-i7-IDT-296,CTCTACTC,NEXT-i5-IDT-384,AATGGTCG
32,,NEXT-i7-IDT-9,CGGCTAAT,NEXT-i5-IDT-1,ACGATCAG
33,,NEXT-i7-IDT-201,CAAGCAGT,NEXT-i5-IDT-193,GAACGAAG
34,,NEXT-i7-IDT-10,ATCGATCG,NEXT-i5-IDT-2,TCGAGAGT
35,,NEXT-i7-IDT-202,ACATAGGC,NEXT-i5-IDT-194,ACCTAGAC
36,,NEXT-i7-IDT-11,GCAAGATC,NEXT-i5-IDT-3,CTAGCTCA
37,,NEXT-i7-IDT-203,TGTGGTAC,NEXT-i5-IDT-195,TACGACGT
38,,NEXT-i7-IDT-12,GCTATCCT,NEXT-i5-IDT-4,ATCGTCTC
39,,NEXT-i7-IDT-204,CACCACTA,NEXT-i5-IDT-196,TTGAGCTC
40,,NEXT-i7-IDT-13,TACGCTAC,NEXT-i5-IDT-5,TCGACAAG
41,,NEXT-i7-IDT-205,CTGCGTAT,NEXT-i5-IDT-197,AGTACACG
42,,NEXT-i7-IDT-14,TGGACTCT,NEXT-i5-IDT-6,CCTTGGAA
43,,NEXT-i7-IDT-206,ACGGTCTT,NEXT-i5-IDT-198,TGTCAGTG
44,,NEXT-i7-IDT-15,AGAGTAGC,NEXT-i5-IDT-7,ATCATGCG
45,,NEXT-i7-IDT-207,GATTGGAG,NEXT-i5-IDT-199,GACTACGA
46,,NEXT-i7-IDT-16,ATCCAGAG,NEXT-i5-IDT-8,TGTTCCGT
47,,NEXT-i7-IDT-208,TGTCCAGA,NEXT-i5-IDT-200,TTACGTGC
48,,NEXT-i7-IDT-105,CTACTTGG,NEXT-i5-IDT-97,TGATAGGC
49,,NEXT-i7-IDT-297,CTAGGCAT,NEXT-i5-IDT-289,AGGCAATG
50,,NEXT-i7-IDT-106,CCTCAGTT,NEXT-i5-IDT-98,CATCCAAG
51,,NEXT-i7-IDT-298,TGGAGTTG,NEXT-i5-IDT-290,TCACCTAG
52,,NEXT-i7-IDT-107,TCCTACCT,NEXT-i5-IDT-99,GTGAGACT
53,,NEXT-i7-IDT-299,GAGGACTT,NEXT-i5-IDT-291,CATACGGA
54,,NEXT-i7-IDT-108,ATGGCGAA,NEXT-i5-IDT-100,CTGATGAG
55,,NEXT-i7-IDT-300,CAATCGAC,NEXT-i5-IDT-292,GTCATCGT
56,,NEXT-i7-IDT-109,CTTACCTG,NEXT-i5-IDT-101,ACGGTACA
57,,NEXT-i7-IDT-301,TCTAACGC,NEXT-i5-IDT-293,TTACCGAC
58,,NEXT-i7-IDT-110,CTCGATAC,NEXT-i5-IDT-102,CTCGACTT
59,,NEXT-i7-IDT-302,TCTCGCAA,NEXT-i5-IDT-294,ACCTTCGA
60,,NEXT-i7-IDT-111,TCCGTGAA,NEXT-i5-IDT-103,ACAACGTG
61,,NEXT-i7-IDT-303,ATCGGTGT,NEXT-i5-IDT-295,ACGCTTCT
62,,NEXT-i7-IDT-112,TAGAGCTC,NEXT-i5-IDT-104,TGCTGTGA
63,,NEXT-i7-IDT-304,GAGATACG,NEXT-i5-IDT-296,GAGTAGAG
64,,NEXT-i7-IDT-17,GACGATCT,NEXT-i5-IDT-9,ATTAGCCG
65,,NEXT-i7-IDT-209,CCAGTGTT,NEXT-i5-IDT-201,ACTGCTTG
66,,NEXT-i7-IDT-18,AACTGAGC,NEXT-i5-IDT-10,CGATCGAT
67,,NEXT-i7-IDT-210,TGCACCAA,NEXT-i5-IDT-202,GCCTATGT
68,,NEXT-i7-IDT-19,CTTAGGAC,NEXT-i5-IDT-11,GATCTTGC
69,,NEXT-i7-IDT-211,TTGACAGG,NEXT-i5-IDT-203,GTACCACA
70,,NEXT-i7-IDT-20,GTGCCATA,NEXT-i5-IDT-12,AGGATAGC
71,,NEXT-i7-IDT-212,AGGCATAG,NEXT-i5-IDT-204,TAGTGGTG
72,,NEXT-i7-IDT-21,GAATCCGA,NEXT-i5-IDT-13,GTAGCGTA
73,,NEXT-i7-IDT-213,TAGCCGAA,NEXT-i5-IDT-205,ATACGCAG
74,,NEXT-i7-IDT-22,TCGCTGTT,NEXT-i5-IDT-14,AGAGTCCA
75,,NEXT-i7-IDT-214,TTGTCGGT,NEXT-i5-IDT-206,AAGACCGT
76,,NEXT-i7-IDT-23,TTCGTTGG,NEXT-i5-IDT-15,GCTACTCT
77,,NEXT-i7-IDT-215,CATCTACG,NEXT-i5-IDT-207,CTCCAATC
78,,NEXT-i7-IDT-24,AAGCACTG,NEXT-i5-IDT-16,CTCTGGAT
79,,NEXT-i7-IDT-216,GCATACAG,NEXT-i5-IDT-208,TCTGGACA
80,,NEXT-i7-IDT-113,TGACTGAC,NEXT-i5-IDT-105,CCAAGTAG
81,,NEXT-i7-IDT-305,GTCTCCTT,NEXT-i5-IDT-297,ATGCCTAG
82,,NEXT-i7-IDT-114,TAGACGTG,NEXT-i5-IDT-106,AACTGAGG
83,,NEXT-i7-IDT-306,AGTCGACA,NEXT-i5-IDT-298,CAACTCCA
84,,NEXT-i7-IDT-115,CCGGAATT,NEXT-i5-IDT-107,AGGTAGGA
85,,NEXT-i7-IDT-307,CGGATTGA,NEXT-i5-IDT-299,AAGTCCTC
86,,NEXT-i7-IDT-116,CTCCTAGA,NEXT-i5-IDT-108,TTCGCCAT
87,,NEXT-i7-IDT-308,CACAAGTC,NEXT-i5-IDT-300,GTCGATTG
88,,NEXT-i7-IDT-117,CAACGGAT,NEXT-i5-IDT-109,CAGGTAAG
89,,NEXT-i7-IDT-309,TACATCGG,NEXT-i5-IDT-301,GCGTTAGA
90,,NEXT-i7-IDT-118,TGGCTATC,NEXT-i5-IDT-110,GTATCGAG
91,,NEXT-i7-IDT-310,AGCTCCTA,NEXT-i5-IDT-302,TTGCGAGA
92,,NEXT-i7-IDT-119,CGGTCATA,NEXT-i5-IDT-111,TTCACGGA
93,,NEXT-i7-IDT-311,ACTCGTTG,NEXT-i5-IDT-303,ACACCGAT
94,,NEXT-i7-IDT-120,TCCAATCG,NEXT-i5-IDT-112,GAGCTCTA
95,,NEXT-i7-IDT-312,CTGACACA,NEXT-i5-IDT-304,CGTATCTC
96,,NEXT-i7-IDT-25,CCTTGATC,NEXT-i5-IDT-17,AGATCGTC
97,,NEXT-i7-IDT-217,ACAGCAAC,NEXT-i5-IDT-209,AACACTGG
98,,NEXT-i7-IDT-26,GTCGAAGA,NEXT-i5-IDT-18,GCTCAGTT
99,,NEXT-i7-IDT-218,CTGGTTCT,NEXT-i5-IDT-210,TTGGTGCA
100,,NEXT-i7-IDT-27,ACCACGAT,NEXT-i5-IDT-19,GTCCTAAG
101,,NEXT-i7-IDT-219,TCGACATC,NEXT-i5-IDT-211,CCTGTCAA
102,,NEXT-i7-IDT-28,GATTACCG,NEXT-i5-IDT-20,TATGGCAC
103,,NEXT-i7-IDT-220,AACCTCCT,NEXT-i5-IDT-212,CTATGCCT
104,,NEXT-i7-IDT-29,GCACAACT,NEXT-i5-IDT-21,TCGGATTC
105,,NEXT-i7-IDT-221,CAGCGATT,NEXT-i5-IDT-213,TTCGGCTA
106,,NEXT-i7-IDT-30,GCGTCATT,NEXT-i5-IDT-22,AACAGCGA
107,,NEXT-i7-IDT-222,AGGTCACT,NEXT-i5-IDT-214,ACCGACAA
108,,NEXT-i7-IDT-31,ATCCGGTA,NEXT-i5-IDT-23,CCAACGAA
109,,NEXT-i7-IDT-223,GCAATTCG,NEXT-i5-IDT-215,CGTAGATG
110,,NEXT-i7-IDT-32,CGTTGCAA,NEXT-i5-IDT-24,CAGTGCTT
111,,NEXT-i7-IDT-224,GCTTCTTG,NEXT-i5-IDT-216,CTGTATGC
112,,NEXT-i7-IDT-121,GAGCTTGT,NEXT-i5-IDT-113,GTCAGTCA
113,,NEXT-i7-IDT-313,CAACCTAG,NEXT-i5-IDT-305,AAGGAGAC
114,,NEXT-i7-IDT-122,GAAGGTTC,NEXT-i5-IDT-114,CACGTCTA
115,,NEXT-i7-IDT-314,AAGGACAC,NEXT-i5-IDT-306,TGTCGACT
116,,NEXT-i7-IDT-123,ATCTCGCT,NEXT-i5-IDT-115,AATTCCGG
117,,NEXT-i7-IDT-315,TGCAGGTA,NEXT-i5-IDT-307,TCAATCCG
118,,NEXT-i7-IDT-124,AGTTACGG,NEXT-i5-IDT-116,TCTAGGAG
119,,NEXT-i7-IDT-316,ACCTAAGG,NEXT-i5-IDT-308,GACTTGTG
120,,NEXT-i7-IDT-125,GTGTCTGA,NEXT-i5-IDT-117,ATCCGTTG
121,,NEXT-i7-IDT-317,AGTCTGTG,NEXT-i5-IDT-309,CCGATGTA
122,,NEXT-i7-IDT-126,TGACTTCG,NEXT-i5-IDT-118,GATAGCCA
123,,NEXT-i7-IDT-318,AGGTTCGA,NEXT-i5-IDT-310,TAGGAGCT
124,,NEXT-i7-IDT-127,TGGATCAC,NEXT-i5-IDT-119,TATGACCG
125,,NEXT-i7-IDT-319,GACTATGC,NEXT-i5-IDT-311,CAACGAGT
126,,NEXT-i7-IDT-128,ACACCAGT,NEXT-i5-IDT-120,CGATTGGA
127,,NEXT-i7-IDT-320,TTCAGGAG,NEXT-i5-IDT-312,TGTGTCAG
128,,NEXT-i7-IDT-33,GTGAAGTG,NEXT-i5-IDT-25,GATCAAGG
129,,NEXT-i7-IDT-225,AACTGGTG,NEXT-i5-IDT-217,GTTGCTGT
130,,NEXT-i7-IDT-34,CATGGCTA,NEXT-i5-IDT-26,TCTTCGAC
131,,NEXT-i7-IDT-226,CGGAATAC,NEXT-i5-IDT-218,AGAACCAG
132,,NEXT-i7-IDT-35,ATGCCTGT,NEXT-i5-IDT-27,ATCGTGGT
133,,NEXT-i7-IDT-227,GCTTCGAA,NEXT-i5-IDT-219,GATGTCGA
134,,NEXT-i7-IDT-36,CAACACCT,NEXT-i5-IDT-28,CGGTAATC
135,,NEXT-i7-IDT-228,CAAGGTCT,NEXT-i5-IDT-220,AGGAGGTT
136,,NEXT-i7-IDT-37,TGTGACTG,NEXT-i5-IDT-29,AGTTGTGC
137,,NEXT-i7-IDT-229,AACCTTGG,NEXT-i5-IDT-221,AATCGCTG
138,,NEXT-i7-IDT-38,GTCATCGA,NEXT-i5-IDT-30,AATGACGC
139,,NEXT-i7-IDT-230,CCATACGT,NEXT-i5-IDT-222,AGTGACCT
140,,NEXT-i7-IDT-39,AGCACTTC,NEXT-i5-IDT-31,TACCGGAT
141,,NEXT-i7-IDT-231,TGGTCCTT,NEXT-i5-IDT-223,CGAATTGC
142,,NEXT-i7-IDT-40,GAAGGAAG,NEXT-i5-IDT-32,TTGCAACG
143,,NEXT-i7-IDT-232,ACCGCATA,NEXT-i5-IDT-224,CAAGAAGC
144,,NEXT-i7-IDT-129,CAGGTTAG,NEXT-i5-IDT-121,ACAAGCTC
145,,NEXT-i7-IDT-321,TGTGCGTT,NEXT-i5-IDT-313,CTAGGTTG
146,,NEXT-i7-IDT-130,AGTTGGCT,NEXT-i5-IDT-122,GAACCTTC
147,,NEXT-i7-IDT-322,CGAGACTA,NEXT-i5-IDT-314,GTGTCCTT
148,,NEXT-i7-IDT-131,TCAACTGG,NEXT-i5-IDT-123,AGCGAGAT
149,,NEXT-i7-IDT-323,CTCAGAGT,NEXT-i5-IDT-315,TACCTGCA
150,,NEXT-i7-IDT-132,CTGCACTT,NEXT-i5-IDT-124,CCGTAACT
151,,NEXT-i7-IDT-324,GCCATAAC,NEXT-i5-IDT-316,CCTTAGGT
152,,NEXT-i7-IDT-133,ACACGGTT,NEXT-i5-IDT-125,TCAGACAC
153,,NEXT-i7-IDT-325,TTACCGAG,NEXT-i5-IDT-317,CACAGACT
154,,NEXT-i7-IDT-134,AATACGCG,NEXT-i5-IDT-126,CGAAGTCA
155,,NEXT-i7-IDT-326,GCTCTGTA,NEXT-i5-IDT-318,TCGAACCT
156,,NEXT-i7-IDT-135,TGCGAACT,NEXT-i5-IDT-127,GTGATCCA
157,,NEXT-i7-IDT-327,CGTTATGC,NEXT-i5-IDT-319,GCATAGTC
158,,NEXT-i7-IDT-136,GCTGACTA,NEXT-i5-IDT-128,ACTGGTGT
159,,NEXT-i7-IDT-328,GTCTGATC,NEXT-i5-IDT-320,CTCCTGAA
160,,NEXT-i7-IDT-41,GTTGTTCG,NEXT-i5-IDT-33,CACTTCAC
161,,NEXT-i7-IDT-233,CCTTCCTT,NEXT-i5-IDT-225,CACCAGTT
162,,NEXT-i7-IDT-42,CGGTTGTT,NEXT-i5-IDT-34,TAGCCATG
163,,NEXT-i7-IDT-234,TACACGCT,NEXT-i5-IDT-226,GTATTCCG
164,,NEXT-i7-IDT-43,ACTGAGGT,NEXT-i5-IDT-35,ACAGGCAT
165,,NEXT-i7-IDT-235,TGCGTAGA,NEXT-i5-IDT-227,TTCGAAGC
166,,NEXT-i7-IDT-44,TGAAGACG,NEXT-i5-IDT-36,AGGTGTTG
167,,NEXT-i7-IDT-236,AAGAGCCA,NEXT-i5-IDT-228,AGACCTTG
168,,NEXT-i7-IDT-45,GTTACGCA,NEXT-i5-IDT-37,CAGTCACA
169,,NEXT-i7-IDT-237,ATGGAAGG,NEXT-i5-IDT-229,CCAAGGTT
170,,NEXT-i7-IDT-46,AGCGTGTT,NEXT-i5-IDT-38,TCGATGAC
171,,NEXT-i7-IDT-238,GCCAGTAT,NEXT-i5-IDT-230,ACGTATGG
172,,NEXT-i7-IDT-47,GATCGAGT,NEXT-i5-IDT-39,GAAGTGCT
173,,NEXT-i7-IDT-239,CGTAGGTT,NEXT-i5-IDT-231,AAGGACCA
174,,NEXT-i7-IDT-48,ACAGCTCA,NEXT-i5-IDT-40,CTTCCTTC
175,,NEXT-i7-IDT-240,CGAGTATG,NEXT-i5-IDT-232,TATGCGGT
176,,NEXT-i7-IDT-137,GTGGTGTT,NEXT-i5-IDT-129,CTAACCTG
177,,NEXT-i7-IDT-329,TAGTTGCG,NEXT-i5-IDT-321,AACGCACA
178,,NEXT-i7-IDT-138,GTGCTTAC,NEXT-i5-IDT-130,AGCCAACT
179,,NEXT-i7-IDT-330,TGATCGGA,NEXT-i5-IDT-322,TAGTCTCG
180,,NEXT-i7-IDT-139,TCAAGGAC,NEXT-i5-IDT-131,CCAGTTGA
181,,NEXT-i7-IDT-331,CCAAGTTG,NEXT-i5-IDT-323,ACTCTGAG
182,,NEXT-i7-IDT-140,TGAACCTG,NEXT-i5-IDT-132,AAGTGCAG
183,,NEXT-i7-IDT-332,CCTACTGA,NEXT-i5-IDT-324,GTTATGGC
184,,NEXT-i7-IDT-141,AGTGTTGG,NEXT-i5-IDT-133,AACCGTGT
185,,NEXT-i7-IDT-333,CTTGCTGT,NEXT-i5-IDT-325,CTCGGTAA
186,,NEXT-i7-IDT-142,GTACTCTC,NEXT-i5-IDT-134,CGCGTATT
187,,NEXT-i7-IDT-334,TGCCATTC,NEXT-i5-IDT-326,TACAGAGC
188,,NEXT-i7-IDT-143,CCGTATCT,NEXT-i5-IDT-135,AGTTCGCA
189,,NEXT-i7-IDT-335,TTGATCCG,NEXT-i5-IDT-327,GCATAACG
190,,NEXT-i7-IDT-144,CGAAGAAC,NEXT-i5-IDT-136,TAGTCAGC
191,,NEXT-i7-IDT-336,AGTGCAGT,NEXT-i5-IDT-328,GATCAGAC
192,,NEXT-i7-IDT-49,GAGCAGTA,NEXT-i5-IDT-41,CGAACAAC
193,,NEXT-i7-IDT-241,CAAGTGCA,NEXT-i5-IDT-233,AAGGAAGG
194,,NEXT-i7-IDT-50,AGTTCGTC,NEXT-i5-IDT-42,AACAACCG
195,,NEXT-i7-IDT-242,TCGAGTGA,NEXT-i5-IDT-234,AGCGTGTA
196,,NEXT-i7-IDT-51,TTGCGAAG,NEXT-i5-IDT-43,ACCTCAGT
197,,NEXT-i7-IDT-243,CTACAGTG,NEXT-i5-IDT-235,TCTACGCA
198,,NEXT-i7-IDT-52,ATCGCCAT,NEXT-i5-IDT-44,CGTCTTCA
199,,NEXT-i7-IDT-244,GATCGTAC,NEXT-i5-IDT-236,TGGCTCTT
200,,NEXT-i7-IDT-53,TGGCATGT,NEXT-i5-IDT-45,TGCGTAAC
201,,NEXT-i7-IDT-245,CTTCACCA,NEXT-i5-IDT-237,CCTTCCAT
202,,NEXT-i7-IDT-54,CTGTTGAC,NEXT-i5-IDT-46,AACACGCT
203,,NEXT-i7-IDT-246,CTCAGCTA,NEXT-i5-IDT-238,ATACTGGC
204,,NEXT-i7-IDT-55,CATACCAC,NEXT-i5-IDT-47,ACTCGATC
205,,NEXT-i7-IDT-247,TCTGCTCT,NEXT-i5-IDT-239,AACCTACG
206,,NEXT-i7-IDT-56,GAAGTTGG,NEXT-i5-IDT-48,TGAGCTGT
207,,NEXT-i7-IDT-248,AACCGAAG,NEXT-i5-IDT-240,CATACTCG
208,,NEXT-i7-IDT-145,AGCGGAAT,NEXT-i5-IDT-137,AACACCAC
209,,NEXT-i7-IDT-337,GACTTAGG,NEXT-i5-IDT-329,CGCAACTA
210,,NEXT-i7-IDT-146,GTGAGCTT,NEXT-i5-IDT-138,GTAAGCAC
211,,NEXT-i7-IDT-338,CGTACGAA,NEXT-i5-IDT-330,TCCGATCA
212,,NEXT-i7-IDT-147,CGTGATCA,NEXT-i5-IDT-139,GTCCTTGA
213,,NEXT-i7-IDT-339,TACCAGGA,NEXT-i5-IDT-331,CAACTTGG
214,,NEXT-i7-IDT-148,TCGCATTG,NEXT-i5-IDT-140,CAGGTTCA
215,,NEXT-i7-IDT-340,CGTCAATG,NEXT-i5-IDT-332,TCAGTAGG
216,,NEXT-i7-IDT-149,TGACGCAT,NEXT-i5-IDT-141,CCAACACT
217,,NEXT-i7-IDT-341,GAAGAGGT,NEXT-i5-IDT-333,ACAGCAAG
218,,NEXT-i7-IDT-150,CCGATGTA,NEXT-i5-IDT-142,GAGAGTAC
219,,NEXT-i7-IDT-342,GACGAATG,NEXT-i5-IDT-334,GAATGGCA
220,,NEXT-i7-IDT-151,TTCGCAGT,NEXT-i5-IDT-143,AGATACGG
221,,NEXT-i7-IDT-343,AGGAGGAA,NEXT-i5-IDT-335,CGGATCAA
222,,NEXT-i7-IDT-152,ACGACAGA,NEXT-i5-IDT-144,GTTCTTCG
223,,NEXT-i7-IDT-344,CTTACAGC,NEXT-i5-IDT-336,ACTGCACT
224,,NEXT-i7-IDT-57,ATGACGTC,NEXT-i5-IDT-49,TACTGCTC
225,,NEXT-i7-IDT-249,GCTGTTGT,NEXT-i5-IDT-241,TGCACTTG
226,,NEXT-i7-IDT-58,TTGGACGT,NEXT-i5-IDT-50,GACGAACT
227,,NEXT-i7-IDT-250,TTACGGCT,NEXT-i5-IDT-242,TCACTCGA
228,,NEXT-i7-IDT-59,AGTGGATC,NEXT-i5-IDT-51,CTTCGCAA
229,,NEXT-i7-IDT-251,GACAAGAG,NEXT-i5-IDT-243,CACTGTAG
230,,NEXT-i7-IDT-60,GATAGGCT,NEXT-i5-IDT-52,ATGGCGAT
231,,NEXT-i7-IDT-252,AGGATCTG,NEXT-i5-IDT-244,GTACGATC
232,,NEXT-i7-IDT-61,TGGTAGCT,NEXT-i5-IDT-53,ACATGCCA
233,,NEXT-i7-IDT-253,GTAGCATC,NEXT-i5-IDT-245,TGGTGAAG
234,,NEXT-i7-IDT-62,CGCAATCT,NEXT-i5-IDT-54,GTCAACAG
235,,NEXT-i7-IDT-254,GTGTTCCT,NEXT-i5-IDT-246,TAGCTGAG
236,,NEXT-i7-IDT-63,GATGTGTG,NEXT-i5-IDT-55,GTGGTATG
237,,NEXT-i7-IDT-255,AGGATGGT,NEXT-i5-IDT-247,AGAGCAGA
238,,NEXT-i7-IDT-64,GATTGCTC,NEXT-i5-IDT-56,CCAACTTC
239,,NEXT-i7-IDT-256,TCACGTTC,NEXT-i5-IDT-248,CTTCGGTT
240,,NEXT-i7-IDT-153,AGCTTGAG,NEXT-i5-IDT-145,ATTCCGCT
241,,NEXT-i7-IDT-345,GAGATGTC,NEXT-i5-IDT-337,CCTAAGTC
242,,NEXT-i7-IDT-154,GAGTGGTT,NEXT-i5-IDT-146,AAGCTCAC
243,,NEXT-i7-IDT-346,TACGGTTG,NEXT-i5-IDT-338,TTCGTACG
244,,NEXT-i7-IDT-155,GCTGTAAG,NEXT-i5-IDT-147,TGATCACG
245,,NEXT-i7-IDT-347,CTATCGCA,NEXT-i5-IDT-339,TCCTGGTA
246,,NEXT-i7-IDT-156,CCAAGACT,NEXT-i5-IDT-148,CAATGCGA
247,,NEXT-i7-IDT-348,TCGAACCA,NEXT-i5-IDT-340,CATTGACG
248,,NEXT-i7-IDT-157,ATTGCGTG,NEXT-i5-IDT-149,ATGCGTCA
249,,NEXT-i7-IDT-349,GAACGCTT,NEXT-i5-IDT-341,ACCTCTTC
250,,NEXT-i7-IDT-158,CTGAAGCT,NEXT-i5-IDT-150,TACATCGG
251,,NEXT-i7-IDT-350,CAGAATCG,NEXT-i5-IDT-342,CATTCGTC
252,,NEXT-i7-IDT-159,TAACGAGG,NEXT-i5-IDT-151,ACTGCGAA
253,,NEXT-i7-IDT-351,ATGGTTGC,NEXT-i5-IDT-343,TTCCTCCT
254,,NEXT-i7-IDT-160,TCGTCTCA,NEXT-i5-IDT-152,TCTGTCGT
255,,NEXT-i7-IDT-352,GCTGGATT,NEXT-i5-IDT-344,GCTGTAAG
256,,NEXT-i7-IDT-65,CGCTCTAT,NEXT-i5-IDT-57,GACGTCAT
257,,NEXT-i7-IDT-257,GCGTTCTA,NEXT-i5-IDT-249,ACAACAGC
258,,NEXT-i7-IDT-66,TATCGGTC,NEXT-i5-IDT-58,ACGTCCAA
259,,NEXT-i7-IDT-258,CTCTGGTT,NEXT-i5-IDT-250,AGCCGTAA
260,,NEXT-i7-IDT-67,AACGTCTG,NEXT-i5-IDT-59,GATCCACT
261,,NEXT-i7-IDT-259,TTAGGTCG,NEXT-i5-IDT-251,CTCTTGTC
262,,NEXT-i7-IDT-68,ACGTTCAG,NEXT-i5-IDT-60,AGCCTATC
263,,NEXT-i7-IDT-260,TCTGAGAG,NEXT-i5-IDT-252,CAGATCCT
264,,NEXT-i7-IDT-69,CAGTCCAA,NEXT-i5-IDT-61,AGCTACCA
265,,NEXT-i7-IDT-261,TTCAGCCT,NEXT-i5-IDT-253,GATGCTAC
266,,NEXT-i7-IDT-70,TTGCAGAC,NEXT-i5-IDT-62,AGATTGCG
267,,NEXT-i7-IDT-262,TCTCCGAT,NEXT-i5-IDT-254,AGGAACAC
268,,NEXT-i7-IDT-71,CAATGTGG,NEXT-i5-IDT-63,CACACATC
269,,NEXT-i7-IDT-263,CAGGTATC,NEXT-i5-IDT-255,ACCATCCT
270,,NEXT-i7-IDT-72,ACTCCATC,NEXT-i5-IDT-64,GAGCAATC
271,,NEXT-i7-IDT-264,AGTCAGGA,NEXT-i5-IDT-256,GAACGTGA
272,,NEXT-i7-IDT-161,TTCCTGTG,NEXT-i5-IDT-153,CTCAAGCT
273,,NEXT-i7-IDT-353,GATGCACT,NEXT-i5-IDT-345,GACATCTC
274,,NEXT-i7-IDT-162,CGTTGAGT,NEXT-i5-IDT-154,AACCACTC
275,,NEXT-i7-IDT-354,ACCAATGC,NEXT-i5-IDT-346,CAACCGTA
276,,NEXT-i7-IDT-163,AGTCGCTT,NEXT-i5-IDT-155,CTTACAGC
277,,NEXT-i7-IDT-355,GTCCTAAG,NEXT-i5-IDT-347,TGCGATAG
278,,NEXT-i7-IDT-164,TAGGTAGG,NEXT-i5-IDT-156,AGTCTTGG
279,,NEXT-i7-IDT-356,CCGACTAT,NEXT-i5-IDT-348,TGGTTCGA
280,,NEXT-i7-IDT-165,CAGGAGAT,NEXT-i5-IDT-157,CACGCAAT
281,,NEXT-i7-IDT-357,TTGGTCTC,NEXT-i5-IDT-349,AAGCGTTC
282,,NEXT-i7-IDT-166,CATCGTGA,NEXT-i5-IDT-158,AGCTTCAG
283,,NEXT-i7-IDT-358,GCCTTGTT,NEXT-i5-IDT-350,CGATTCTG
284,,NEXT-i7-IDT-167,TGTTGTGG,NEXT-i5-IDT-159,CCTCGTTA
285,,NEXT-i7-IDT-359,GATACTGG,NEXT-i5-IDT-351,GCAACCAT
286,,NEXT-i7-IDT-168,ACAGACCT,NEXT-i5-IDT-160,TGAGACGA
287,,NEXT-i7-IDT-360,ATTCGAGG,NEXT-i5-IDT-352,AATCCAGC
288,,NEXT-i7-IDT-73,GTTGACCT,NEXT-i5-IDT-65,ATAGAGCG
289,,NEXT-i7-IDT-265,AAGGCTGA,NEXT-i5-IDT-257,TAGAACGC
290,,NEXT-i7-IDT-74,CGTGTGTA,NEXT-i5-IDT-66,GACCGATA
291,,NEXT-i7-IDT-266,CGATGCTT,NEXT-i5-IDT-258,AACCAGAG
292,,NEXT-i7-IDT-75,ACGACTTG,NEXT-i5-IDT-67,CAGACGTT
293,,NEXT-i7-IDT-267,GTATTGGC,NEXT-i5-IDT-259,CGACCTAA
294,,NEXT-i7-IDT-76,CACTAGCT,NEXT-i5-IDT-68,CTGAACGT
295,,NEXT-i7-IDT-268,ACTGTGTC,NEXT-i5-IDT-260,CTCTCAGA
296,,NEXT-i7-IDT-77,ACTAGGAG,NEXT-i5-IDT-69,TTGGACTG
297,,NEXT-i7-IDT-269,TGCCTCTT,NEXT-i5-IDT-261,AGGCTGAA
298,,NEXT-i7-IDT-78,GTAGGAGT,NEXT-i5-IDT-70,GTCTGCAA
299,,NEXT-i7-IDT-270,CAGTCTTC,NEXT-i5-IDT-262,ATCGGAGA
300,,NEXT-i7-IDT-79,CCTGATTG,NEXT-i5-IDT-71,CCACATTG
301,,NEXT-i7-IDT-271,CATAACGG,NEXT-i5-IDT-263,GATACCTG
302,,NEXT-i7-IDT-80,ATGCACGA,NEXT-i5-IDT-72,GATGGAGT
303,,NEXT-i7-IDT-272,ACTGCTAG,NEXT-i5-IDT-264,TCCTGACT
304,,NEXT-i7-IDT-169,GTCCTTCT,NEXT-i5-IDT-161,CACAGGAA
305,,NEXT-i7-IDT-361,GTCAGTTG,NEXT-i5-IDT-353,AGTGCATC
306,,NEXT-i7-IDT-170,TGATACGC,NEXT-i5-IDT-162,ACTCAACG
307,,NEXT-i7-IDT-362,GTAGAGCA,NEXT-i5-IDT-354,GCATTGGT
308,,NEXT-i7-IDT-171,CTGTGTTG,NEXT-i5-IDT-163,AAGCGACT
309,,NEXT-i7-IDT-363,ACGTGATG,NEXT-i5-IDT-355,CTTAGGAC
310,,NEXT-i7-IDT-172,AACGTGGA,NEXT-i5-IDT-164,CCTACCTA
311,,NEXT-i7-IDT-364,TAAGTGGC,NEXT-i5-IDT-356,ATAGTCGG
312,,NEXT-i7-IDT-173,GTTGCGAT,NEXT-i5-IDT-165,ATCTCCTG
313,,NEXT-i7-IDT-365,TGTGAAGC,NEXT-i5-IDT-357,GAGACCAA
314,,NEXT-i7-IDT-174,AACGACGT,NEXT-i5-IDT-166,TCACGATG
315,,NEXT-i7-IDT-366,CATTCGGT,NEXT-i5-IDT-358,AACAAGGC
316,,NEXT-i7-IDT-175,CGTATTCG,NEXT-i5-IDT-167,CCACAACA
317,,NEXT-i7-IDT-367,TTGGTGAG,NEXT-i5-IDT-359,CCAGTATC
318,,NEXT-i7-IDT-176,AGCAAGCA,NEXT-i5-IDT-168,AGGTCTGT
319,,NEXT-i7-IDT-368,CAGTTCTG,NEXT-i5-IDT-360,CCTCGAAT
320,,NEXT-i7-IDT-81,CGACGTTA,NEXT-i5-IDT-73,AGGTCAAC
321,,NEXT-i7-IDT-273,ATTCTGGC,NEXT-i5-IDT-265,TCAGCCTT
322,,NEXT-i7-IDT-82,TACGCCTT,NEXT-i5-IDT-74,TACACACG
323,,NEXT-i7-IDT-274,TTCTCTCG,NEXT-i5-IDT-266,AAGCATCG
324,,NEXT-i7-IDT-83,CCGTAAGA,NEXT-i5-IDT-75,CAAGTCGT
325,,NEXT-i7-IDT-275,TCCGAGTT,NEXT-i5-IDT-267,GCCAATAC
326,,NEXT-i7-IDT-84,ATCACACG,NEXT-i5-IDT-76,AGCTAGTG
327,,NEXT-i7-IDT-276,CGAACTGT,NEXT-i5-IDT-268,GACACAGT
328,,NEXT-i7-IDT-85,CACCTGTT,NEXT-i5-IDT-77,CTCCTAGT
329,,NEXT-i7-IDT-277,AACGGTCA,NEXT-i5-IDT-269,AAGAGGCA
330,,NEXT-i7-IDT-86,CTTCGACT,NEXT-i5-IDT-78,ACTCCTAC
331,,NEXT-i7-IDT-278,AGCAGATG,NEXT-i5-IDT-270,GAAGACTG
332,,NEXT-i7-IDT-87,TGCTTCCA,NEXT-i5-IDT-79,CAATCAGG
333,,NEXT-i7-IDT-279,TATCAGCG,NEXT-i5-IDT-271,CCGTTATG
334,,NEXT-i7-IDT-88,AGAACGAG,NEXT-i5-IDT-80,TCGTGCAT
335,,NEXT-i7-IDT-280,TCAGACGA,NEXT-i5-IDT-272,CTAGCAGT
336,,NEXT-i7-IDT-177,TGTTCGAG,NEXT-i5-IDT-169,AGAAGGAC
337,,NEXT-i7-IDT-369,AGGCTTCT,NEXT-i5-IDT-361,CAACTGAC
338,,NEXT-i7-IDT-178,CTCCATGT,NEXT-i5-IDT-170,GCGTATCA
339,,NEXT-i7-IDT-370,GAATCGTG,NEXT-i5-IDT-362,TGCTCTAC
340,,NEXT-i7-IDT-179,CGTCTTGT,NEXT-i5-IDT-171,CAACACAG
341,,NEXT-i7-IDT-371,ACCAGCTT,NEXT-i5-IDT-363,CATCACGT
342,,NEXT-i7-IDT-180,ATAAGGCG,NEXT-i5-IDT-172,TCCACGTT
343,,NEXT-i7-IDT-372,CTCATTGC,NEXT-i5-IDT-364,GCCACTTA
344,,NEXT-i7-IDT-181,TGTCTGCT,NEXT-i5-IDT-173,ATCGCAAC
345,,NEXT-i7-IDT-373,CGATAGAG,NEXT-i5-IDT-365,GCTTCACA
346,,NEXT-i7-IDT-182,CGCTTAAC,NEXT-i5-IDT-174,ACGTCGTT
347,,NEXT-i7-IDT-374,TGGAGAGT,NEXT-i5-IDT-366,ACCGAATG
348,,NEXT-i7-IDT-183,GATCCATG,NEXT-i5-IDT-175,CGAATACG
349,,NEXT-i7-IDT-375,GTATGCTG,NEXT-i5-IDT-367,CTCACCAA
350,,NEXT-i7-IDT-184,ACCTCTGT,NEXT-i5-IDT-176,TGCTTGCT
351,,NEXT-i7-IDT-376,CTGGAGTA,NEXT-i5-IDT-368,CAGAACTG
352,,NEXT-i7-IDT-89,GTTCTCGT,NEXT-i5-IDT-81,TAACGTCG
353,,NEXT-i7-IDT-281,ACCATGTG,NEXT-i5-IDT-273,GCCAGAAT
354,,NEXT-i7-IDT-90,TCAGGCTT,NEXT-i5-IDT-82,AAGGCGTA
355,,NEXT-i7-IDT-282,CTAACTCG,NEXT-i5-IDT-274,CGAGAGAA
356,,NEXT-i7-IDT-91,CCTTGTAG,NEXT-i5-IDT-83,TCTTACGG
357,,NEXT-i7-IDT-283,GCTTAGCT,NEXT-i5-IDT-275,AACTCGGA
358,,NEXT-i7-IDT-92,GAACATCG,NEXT-i5-IDT-84,CGTGTGAT
359,,NEXT-i7-IDT-284,CATGGAAC,NEXT-i5-IDT-276,ACAGTTCG
360,,NEXT-i7-IDT-93,TAACCGGT,NEXT-i5-IDT-85,AACAGGTG
361,,NEXT-i7-IDT-285,TAGGATGC,NEXT-i5-IDT-277,TGACCGTT
362,,NEXT-i7-IDT-94,AACCGTTC,NEXT-i5-IDT-86,AGTCGAAG
363,,NEXT-i7-IDT-286,GTTCATGG,NEXT-i5-IDT-278,CATCTGCT
364,,NEXT-i7-IDT-95,TGGTACAG,NEXT-i5-IDT-87,TGGAAGCA
365,,NEXT-i7-IDT-287,TCGTGGAT,NEXT-i5-IDT-279,CGCTGATA
366,,NEXT-i7-IDT-96,ATATGCGC,NEXT-i5-IDT-88,CTCGTTCT
367,,NEXT-i7-IDT-288,ACCTTCTC,NEXT-i5-IDT-280,TCGTCTGA
368,,NEXT-i7-IDT-185,GCCACTTA,NEXT-i5-IDT-177,CTCGAACA
369,,NEXT-i7-IDT-377,AATGCCTC,NEXT-i5-IDT-369,AGAAGCCT
370,,NEXT-i7-IDT-186,ACCTGACT,NEXT-i5-IDT-178,ACATGGAG
371,,NEXT-i7-IDT-378,TGAGGTGT,NEXT-i5-IDT-370,CACGATTC
372,,NEXT-i7-IDT-187,GTTAAGGC,NEXT-i5-IDT-179,ACAAGACG
373,,NEXT-i7-IDT-379,ACATTGCG,NEXT-i5-IDT-371,AAGCTGGT
374,,NEXT-i7-IDT-188,ATGCCAAC,NEXT-i5-IDT-180,CGCCTTAT
375,,NEXT-i7-IDT-380,TCTCTAGG,NEXT-i5-IDT-372,GCAATGAG
376,,NEXT-i7-IDT-189,AGAGGTTG,NEXT-i5-IDT-181,AGCAGACA
377,,NEXT-i7-IDT-381,CGCTAGTA,NEXT-i5-IDT-373,CTCTATCG
378,,NEXT-i7-IDT-190,ACCATCCA,NEXT-i5-IDT-182,GTTAAGCG
379,,NEXT-i7-IDT-382,AATGGACG,NEXT-i5-IDT-374,ACTCTCCA
380,,NEXT-i7-IDT-191,GTGGATAG,NEXT-i5-IDT-183,CATGGATC
381,,NEXT-i7-IDT-383,GATAGCGA,NEXT-i5-IDT-375,CAGCATAC
382,,NEXT-i7-IDT-192,CTGAGATC,NEXT-i5-IDT-184,ACAGAGGT
383,,NEXT-i7-IDT-384,CGACCATT,NEXT-i5-IDT-376,TACTCCAG
